mass,age,luminosity,temperature,gravity,radius,metallicity
0.00051,0.192752491,-7.696,200,3,0.1181,0
0.00054,0.128528666,-7.474,225,3,0.1205,0
0.00056,0.088104887,-7.275,250,3,0.1228,0
0.00057,0.061376201,-7.095,275,3,0.1248,0
0.00059,0.043451022,-6.929,300,3,0.127,0
0.00062,0.031260794,-6.775,325,3,0.1292,0
0.00064,0.022490546,-6.632,350,3,0.1313,0
0.00066,0.0161808,-6.498,375,3,0.1334,0
0.00067,0.011885022,-6.374,400,3,0.1353,0
0.00069,0.009141132,-6.258,425,3,0.137,0
0.0007,0.007227698,-6.151,450,3,0.1382,0
0.00072,0.005970353,-6.05,475,3,0.1394,0
0.00073,0.005046613,-5.954,500,3,0.1405,0
0.00074,0.004375221,-5.862,525,3,0.1417,0
0.00075,0.003767038,-5.773,550,3,0.1429,0
0.00077,0.003265878,-5.688,575,3,0.1442,0
0.00078,0.002857591,-5.607,600,3,0.1455,0
0.00081,0.00222331,-5.453,650,3,0.1479,0
0.00083,0.001761976,-5.31,700,3,0.1503,0
0.00086,0.001435489,-5.176,750,3,0.1528,0
0.00089,0.001196741,-5.05,800,3,0.1553,0
0.00092,0.001025652,-4.93,850,3,0.1579,0
0.00095,0.000903649,-4.816,900,3,0.1606,0
0.00098,0.000810961,-4.708,950,3,0.1633,0
0.00102,0.000731139,-4.603,1000,3,0.1664,0
0.00109,0.0005188,-4.409,1100,3,0.1719,0
0.00115,0.000370681,-4.233,1200,3,0.1767,0
0.00121,0.000269774,-4.072,1300,3,0.1813,0
0.00128,0.000204174,-3.92,1400,3,0.1864,0
0.00136,0.000159956,-3.775,1500,3,0.1917,0
0.00144,0.00013122,-3.638,1600,3,0.1973,0
0.00156,0.00011749,-3.498,1700,3,0.2053,0
0.00165,9.46237E-05,-3.374,1800,3,0.2114,0
0.00175,7.90679E-05,-3.254,1900,3,0.2177,0
0.00186,6.85488E-05,-3.139,2000,3,0.2244,0
0.00083,0.374973002,-7.742,200,3.2504,0.1121,0
0.00086,0.259417936,-7.521,225,3.2504,0.1142,0
0.00089,0.184926862,-7.322,250,3.2504,0.1163,0
0.00092,0.134586035,-7.141,275,3.2504,0.1183,0
0.00095,0.1,-6.976,300,3.2504,0.1203,0
0.00098,0.075162289,-6.823,325,3.2504,0.1223,0
0.00101,0.056754461,-6.68,350,3.2504,0.1242,0
0.00104,0.041209752,-6.547,375,3.2504,0.1261,0
0.00107,0.030760968,-6.424,400,3.2504,0.1278,0
0.0011,0.023878113,-6.309,425,3.2504,0.1292,0
0.00112,0.019633603,-6.202,450,3.2504,0.1303,0
0.00113,0.016368165,-6.101,475,3.2504,0.1314,0
0.00115,0.013899526,-6.005,500,3.2504,0.1324,0
0.00117,0.011857687,-5.913,525,3.2504,0.1335,0
0.00119,0.010209395,-5.826,550,3.2504,0.1345,0
0.00121,0.008851156,-5.742,575,3.2504,0.1356,0
0.00123,0.007726806,-5.661,600,3.2504,0.1366,0
0.00126,0.006025596,-5.509,650,3.2504,0.1387,0
0.0013,0.004797334,-5.368,700,3.2504,0.1407,0
0.00134,0.003908409,-5.235,750,3.2504,0.1428,0
0.00138,0.003228494,-5.11,800,3.2504,0.1449,0
0.00142,0.002716439,-4.993,850,3.2504,0.147,0
0.00146,0.002322737,-4.881,900,3.2504,0.1491,0
0.0015,0.002018366,-4.775,950,3.2504,0.1512,0
0.00155,0.001745822,-4.673,1000,3.2504,0.1535,0
0.00164,0.001315225,-4.481,1100,3.2504,0.1581,0
0.00174,0.001013911,-4.304,1200,3.2504,0.163,0
0.00186,0.000816582,-4.137,1300,3.2504,0.1682,0
0.00198,0.000680769,-3.981,1400,3.2504,0.1737,0
0.00211,0.000564937,-3.833,1500,3.2504,0.1794,0
0.00225,0.000470977,-3.693,1600,3.2504,0.1853,0
0.00241,0.000403645,-3.559,1700,3.2504,0.1914,0
0.00258,0.000352371,-3.43,1800,3.2504,0.1981,0
0.00277,0.000305492,-3.304,1900,3.2504,0.2055,0
0.003,0.000274789,-3.181,2000,3.2504,0.2136,0
0.00142,0.922571427,-7.756,200,3.4997,0.1102,0
0.00146,0.647142616,-7.537,225,3.4997,0.1121,0
0.00151,0.467735141,-7.34,250,3.4997,0.1139,0
0.00156,0.333426413,-7.16,275,3.4997,0.1158,0
0.00161,0.24266101,-6.996,300,3.4997,0.1175,0
0.00166,0.177827941,-6.844,325,3.4997,0.1193,0
0.00171,0.130617089,-6.703,350,3.4997,0.121,0
0.00175,0.095719407,-6.571,375,3.4997,0.1227,0
0.0018,0.071944898,-6.449,400,3.4997,0.1241,0
0.00183,0.056234133,-6.335,425,3.4997,0.1253,0
0.00186,0.046344692,-6.229,450,3.4997,0.1263,0
0.00189,0.038904514,-6.129,475,3.4997,0.1272,0
0.00191,0.033036954,-6.034,500,3.4997,0.1281,0
0.00194,0.02831392,-5.943,525,3.4997,0.129,0
0.00197,0.024547089,-5.856,550,3.4997,0.1299,0
0.00199,0.021527817,-5.774,575,3.4997,0.1307,0
0.00202,0.019054607,-5.694,600,3.4997,0.1315,0
0.00207,0.014893611,-5.544,650,3.4997,0.1332,0
0.00212,0.011885022,-5.405,700,3.4997,0.1349,0
0.00218,0.00963829,-5.274,750,3.4997,0.1366,0
0.00223,0.007961594,-5.151,800,3.4997,0.1383,0
0.00229,0.006637431,-5.034,850,3.4997,0.1401,0
0.00235,0.005623413,-4.924,900,3.4997,0.1419,0
0.00241,0.004841724,-4.819,950,3.4997,0.1437,0
0.00247,0.00423643,-4.719,1000,3.4997,0.1455,0
0.0026,0.003288516,-4.531,1100,3.4997,0.1494,0
0.00276,0.002606154,-4.355,1200,3.4997,0.1537,0
0.00292,0.002142891,-4.19,1300,3.4997,0.1583,0
0.00311,0.001807174,-4.034,1400,3.4997,0.1634,0
0.00333,0.001545254,-3.884,1500,3.4997,0.1691,0
0.00359,0.00134586,-3.74,1600,3.4997,0.1754,0
0.00387,0.001177606,-3.602,1700,3.4997,0.1822,0
0.0042,0.001047129,-3.467,1800,3.4997,0.1898,0
0.00459,0.00094189,-3.335,1900,3.4997,0.1984,0
0.0051,0.000857038,-3.2,2000,3.4997,0.2091,0
0.00249,2.238721139,-7.762,200,3.7497,0.1095,0
0.00256,1.534616983,-7.545,225,3.7497,0.1111,0
0.00263,1.081433951,-7.35,250,3.7497,0.1126,0
0.0027,0.788860118,-7.173,275,3.7497,0.1141,0
0.00277,0.582103218,-7.011,300,3.7497,0.1155,0
0.00284,0.434510224,-6.861,325,3.7497,0.117,0
0.00291,0.322849412,-6.722,350,3.7497,0.1184,0
0.00298,0.239331576,-6.592,375,3.7497,0.1198,0
0.00304,0.184926862,-6.471,400,3.7497,0.121,0
0.0031,0.139636836,-6.357,425,3.7497,0.1222,0
0.00314,0.112460497,-6.251,450,3.7497,0.1231,0
0.00318,0.093756201,-6.152,475,3.7497,0.1239,0
0.00322,0.080537844,-6.058,500,3.7497,0.1246,0
0.00326,0.06886523,-5.968,525,3.7497,0.1254,0
0.0033,0.059566214,-5.882,550,3.7497,0.1261,0
0.00333,0.052119471,-5.8,575,3.7497,0.1268,0
0.00337,0.046131757,-5.721,600,3.7497,0.1275,0
0.00344,0.03672823,-5.573,650,3.7497,0.1288,0
0.00352,0.02971666,-5.435,700,3.7497,0.1303,0
0.0036,0.02432204,-5.305,750,3.7497,0.1317,0
0.00368,0.020183664,-5.184,800,3.7497,0.1332,0
0.00376,0.017021585,-5.069,850,3.7497,0.1347,0
0.00385,0.014554591,-4.959,900,3.7497,0.1362,0
0.00393,0.0125603,-4.856,950,3.7497,0.1378,0
0.00403,0.010964782,-4.756,1000,3.7497,0.1394,0
0.00423,0.008433348,-4.57,1100,3.7497,0.1428,0
0.00444,0.006714289,-4.397,1200,3.7497,0.1464,0
0.00468,0.005508077,-4.236,1300,3.7497,0.1502,0
0.00493,0.00462381,-4.084,1400,3.7497,0.1543,0
0.00521,0.003935501,-3.94,1500,3.7497,0.1586,0
0.00554,0.003411929,-3.802,1600,3.7497,0.1634,0
0.0059,0.003006076,-3.668,1700,3.7497,0.1688,0
0.00635,0.002679168,-3.538,1800,3.7497,0.175,0
0.00688,0.002409905,-3.409,1900,3.7497,0.1822,0
0.00753,0.002187762,-3.281,2000,3.7497,0.1905,0
0.00425,5.470159629,-7.779,200,4,0.1073,0
0.00435,3.758374043,-7.565,225,4,0.1086,0
0.00445,2.666858665,-7.372,250,4,0.1098,0
0.00455,1.927524913,-7.197,275,4,0.111,0
0.00465,1.409288798,-7.036,300,4,0.1122,0
0.00475,1.039920166,-6.888,325,4,0.1134,0
0.00484,0.772680585,-6.75,350,4,0.1146,0
0.00493,0.588843655,-6.623,375,4,0.1156,0
0.00501,0.46344692,-6.504,400,4,0.1165,0
0.00509,0.370680722,-6.392,425,4,0.1174,0
0.00516,0.299916252,-6.287,450,4,0.1182,0
0.00523,0.24603676,-6.187,475,4,0.119,0
0.00529,0.206538016,-6.093,500,4,0.1197,0
0.00535,0.176197605,-6.003,525,4,0.1204,0
0.00541,0.151356125,-5.917,550,4,0.1211,0
0.00546,0.132129563,-5.836,575,4,0.1217,0
0.00552,0.115611224,-5.757,600,4,0.1223,0
0.00563,0.092044957,-5.61,650,4,0.1235,0
0.00574,0.074644876,-5.473,700,4,0.1247,0
0.00585,0.06180164,-5.345,750,4,0.1259,0
0.00596,0.0519996,-5.224,800,4,0.1271,0
0.00608,0.044055486,-5.11,850,4,0.1284,0
0.00621,0.0374973,-5.002,900,4,0.1297,0
0.00634,0.032284941,-4.899,950,4,0.131,0
0.00647,0.028054336,-4.801,1000,4,0.1324,0
0.00675,0.021827299,-4.617,1100,4,0.1353,0
0.00706,0.017538805,-4.447,1200,4,0.1383,0
0.00738,0.01428894,-4.288,1300,4,0.1415,0
0.00774,0.01191242,-4.138,1400,4,0.1449,0
0.00814,0.010139114,-3.997,1500,4,0.1485,0
0.00856,0.008810489,-3.863,1600,4,0.1523,0
0.00903,0.007798301,-3.734,1700,4,0.1565,0
0.00959,0.006950243,-3.609,1800,4,0.1613,0
0.01027,0.006251727,-3.485,1900,4,0.1668,0
0.0111,0.005662393,-3.362,2000,4,0.1735,0
0.00702,13.21295634,-7.812,200,4.2504,0.1034,0
0.00715,9.120108394,-7.599,225,4.2504,0.1043,0
0.00727,6.591738952,-7.409,250,4.2504,0.1052,0
0.0074,4.83058802,-7.236,275,4.2504,0.1061,0
0.00753,3.589219346,-7.077,300,4.2504,0.1071,0
0.00767,2.636331386,-6.93,325,4.2504,0.1081,0
0.00781,1.9498446,-6.793,350,4.2504,0.109,0
0.00794,1.455459081,-6.666,375,4.2504,0.1099,0
0.00805,1.142878335,-6.548,400,4.2504,0.1107,0
0.00814,0.928966387,-6.438,425,4.2504,0.1113,0
0.00823,0.774461798,-6.334,450,4.2504,0.1119,0
0.00832,0.642687717,-6.235,475,4.2504,0.1125,0
0.00841,0.540754323,-6.142,500,4.2504,0.1132,0
0.0085,0.458141887,-6.052,525,4.2504,0.1138,0
0.00858,0.394457302,-5.967,550,4.2504,0.1143,0
0.00866,0.342767787,-5.886,575,4.2504,0.1149,0
0.00875,0.30060763,-5.808,600,4.2504,0.1154,0
0.0089,0.23659197,-5.661,650,4.2504,0.1164,0
0.00906,0.191866874,-5.525,700,4.2504,0.1174,0
0.00921,0.159955803,-5.398,750,4.2504,0.1184,0
0.00937,0.134896288,-5.278,800,4.2504,0.1195,0
0.00953,0.115345326,-5.165,850,4.2504,0.1205,0
0.0097,0.1,-5.059,900,4.2504,0.1215,0
0.00987,0.087498378,-4.957,950,4.2504,0.1226,0
0.01005,0.076913044,-4.86,1000,4.2504,0.1237,0
0.01045,0.063973484,-4.678,1100,4.2504,0.1261,0
0.01086,0.054325033,-4.509,1200,4.2504,0.1286,0
0.01131,0.050234259,-4.353,1300,4.2504,0.1313,0
0.01181,0.055847019,-4.205,1400,4.2504,0.1341,0
0.01236,0.067452803,-4.066,1500,4.2504,0.1372,0
0.01294,0.071944898,-3.934,1600,4.2504,0.1403,0
0.01354,0.063095734,-3.809,1700,4.2504,0.1436,0
0.01422,0.052119471,-3.688,1800,4.2504,0.1472,0
0.01503,0.042559841,-3.57,1900,4.2504,0.1513,0
0.01598,0.034994517,-3.454,2000,4.2504,0.156,0
0.0112,31.26079367,-7.858,200,4.4997,0.098,0
0.01138,22.85598803,-7.647,225,4.4997,0.0988,0
0.01155,16.74942876,-7.457,250,4.4997,0.0995,0
0.01173,12.27439231,-7.285,275,4.4997,0.1003,0
0.0119,9.078205302,-7.127,300,4.4997,0.101,0
0.01208,6.807693587,-6.982,325,4.4997,0.1018,0
0.01225,5.116818355,-6.847,350,4.4997,0.1025,0
0.0124,3.990249024,-6.722,375,4.4997,0.1031,0
0.01252,3.235936569,-6.605,400,4.4997,0.1036,0
0.01264,2.703958364,-6.496,425,4.4997,0.1041,0
0.01275,2.264644308,-6.393,450,4.4997,0.1046,0
0.01287,1.892343619,-6.295,475,4.4997,0.1051,0
0.01299,1.592208727,-6.202,500,4.4997,0.1056,0
0.01311,1.342764961,-6.113,525,4.4997,0.106,0
0.01323,1.158777356,-6.029,550,4.4997,0.1065,0
0.01334,1.00461579,-5.948,575,4.4997,0.107,0
0.01345,0.874983775,-5.87,600,4.4997,0.1074,0
0.01368,0.677641508,-5.724,650,4.4997,0.1083,0
0.0139,0.544502653,-5.588,700,4.4997,0.1092,0
0.01411,0.450816705,-5.462,750,4.4997,0.11,0
0.01432,0.379314985,-5.343,800,4.4997,0.1108,0
0.01453,0.324339617,-5.232,850,4.4997,0.1116,0
0.01475,0.281190083,-5.126,900,4.4997,0.1125,0
0.01497,0.246603934,-5.025,950,4.4997,0.1133,0
0.01521,0.21677041,-4.929,1000,4.4997,0.1142,0
0.01573,0.171395731,-4.749,1100,4.4997,0.1162,0
0.01628,0.138356638,-4.583,1200,4.4997,0.1182,0
0.01689,0.114551294,-4.428,1300,4.4997,0.1204,0
0.01754,0.095499259,-4.283,1400,4.4997,0.1227,0
0.01824,0.081283052,-4.146,1500,4.4997,0.1251,0
0.01901,0.07014553,-4.016,1600,4.4997,0.1277,0
0.01982,0.061517687,-3.893,1700,4.4997,0.1304,0
0.02072,0.054701596,-3.774,1800,4.4997,0.1333,0
0.02177,0.049203954,-3.659,1900,4.4997,0.1367,0
0.02293,0.044258837,-3.547,2000,4.4997,0.1403,0
0.01741,76.55966069,-7.917,200,4.7497,0.0916,0
0.01764,55.71857489,-7.706,225,4.7497,0.0922,0
0.01789,39.26449354,-7.517,250,4.7497,0.0929,0
0.01813,28.1190083,-7.346,275,4.7497,0.0935,0
0.01835,20.79696687,-7.189,300,4.7497,0.0941,0
0.01856,15.48816619,-7.045,325,4.7497,0.0946,0
0.01877,11.50800389,-6.912,350,4.7497,0.0952,0
0.01897,8.749837752,-6.787,375,4.7497,0.0956,0
0.01912,7.128530301,-6.672,400,4.7497,0.096,0
0.01927,5.902010802,-6.563,425,4.7497,0.0964,0
0.01941,4.988844875,-6.461,450,4.7497,0.0968,0
0.01957,4.207266284,-6.363,475,4.7497,0.0971,0
0.01971,3.597493352,-6.271,500,4.7497,0.0975,0
0.01986,3.104559588,-6.183,525,4.7497,0.0979,0
0.02001,2.685344446,-6.099,550,4.7497,0.0982,0
0.02016,2.333458062,-6.018,575,4.7497,0.0986,0
0.02032,2.032357011,-5.941,600,4.7497,0.099,0
0.02062,1.588546749,-5.796,650,4.7497,0.0997,0
0.02091,1.276438809,-5.661,700,4.7497,0.1004,0
0.02119,1.049542429,-5.535,750,4.7497,0.1011,0
0.02147,0.879022517,-5.417,800,4.7497,0.1018,0
0.02175,0.748169501,-5.306,850,4.7497,0.1024,0
0.02204,0.647142616,-5.201,900,4.7497,0.1031,0
0.02234,0.563637656,-5.102,950,4.7497,0.1038,0
0.02264,0.497737085,-5.006,1000,4.7497,0.1045,0
0.02329,0.392644935,-4.829,1100,4.7497,0.106,0
0.024,0.315500462,-4.664,1200,4.7497,0.1076,0
0.02478,0.258821292,-4.512,1300,4.7497,0.1093,0
0.02562,0.216271852,-4.368,1400,4.7497,0.1112,0
0.02656,0.183231442,-4.233,1500,4.7497,0.1132,0
0.02755,0.157398286,-4.105,1600,4.7497,0.1153,0
0.02862,0.137404198,-3.983,1700,4.7497,0.1175,0
0.02978,0.121338885,-3.866,1800,4.7497,0.1199,0
0.03106,0.108143395,-3.754,1900,4.7497,0.1224,0
0.03248,0.097498964,-3.646,2000,4.7497,0.1252,0
0.02689,106.9054879,-7.978,200,5,0.0854,0
0.02713,83.17637711,-7.77,225,5,0.0857,0
0.02736,65.16283941,-7.583,250,5,0.0861,0
0.02759,51.52286446,-7.414,275,5,0.0865,0
0.02782,41.0204103,-7.259,300,5,0.0868,0
0.02804,32.96097122,-7.116,325,5,0.0872,0
0.02826,26.66858665,-6.984,350,5,0.0875,0
0.02847,21.52781735,-6.861,375,5,0.0878,0
0.02867,17.61976046,-6.746,400,5,0.0881,0
0.02886,14.5881426,-6.638,425,5,0.0884,0
0.02902,12.58925412,-6.536,450,5,0.0887,0
0.02919,10.78946722,-6.44,475,5,0.089,0
0.02939,9.141132415,-6.348,500,5,0.0893,0
0.02959,7.816278046,-6.26,525,5,0.0896,0
0.02978,6.776415076,-6.176,550,5,0.0898,0
0.02997,5.929253246,-6.096,575,5,0.0901,0
0.03016,5.236004366,-6.02,600,5,0.0904,0
0.03053,4.111497211,-5.875,650,5,0.091,0
0.03091,3.30369541,-5.741,700,5,0.0915,0
0.03129,2.710191632,-5.616,750,5,0.0921,0
0.03167,2.25943577,-5.499,800,5,0.0926,0
0.03205,1.918668741,-5.388,850,5,0.0932,0
0.03242,1.651961798,-5.284,900,5,0.0937,0
0.0328,1.442115352,-5.185,950,5,0.0943,0
0.0332,1.267651866,-5.091,1000,5,0.0949,0
0.03402,1.002305238,-4.914,1100,5,0.096,0
0.03492,0.809095899,-4.752,1200,5,0.0973,0
0.03592,0.662216504,-4.601,1300,5,0.0987,0
0.03703,0.550807696,-4.459,1400,5,0.1002,0
0.03825,0.465586094,-4.325,1500,5,0.1018,0
0.03951,0.398107171,-4.199,1600,5,0.1035,0
0.04087,0.345939378,-4.079,1700,5,0.1053,0
0.04234,0.304789499,-3.964,1800,5,0.1071,0
0.04398,0.271019163,-3.853,1900,5,0.1092,0
0.04578,0.243781082,-3.747,2000,5,0.1114,0
0.04014,130.6170888,-8.054,200,5.2504,0.0782,0
0.0404,111.1731727,-7.847,225,5.2504,0.0784,0
0.04065,95.4992586,-7.661,250,5.2504,0.0787,0
0.0409,82.4138115,-7.493,275,5.2504,0.0789,0
0.04114,71.12135137,-7.339,300,5.2504,0.0792,0
0.04139,61.51768727,-7.198,325,5.2504,0.0794,0
0.04163,53.33348955,-7.066,350,5.2504,0.0796,0
0.04187,46.23810214,-6.944,375,5.2504,0.0798,0
0.04211,40.17908108,-6.829,400,5.2504,0.0801,0
0.04235,34.9945167,-6.722,425,5.2504,0.0803,0
0.0426,30.4789499,-6.62,450,5.2504,0.0805,0
0.04284,26.6072506,-6.524,475,5.2504,0.0808,0
0.04308,23.28091258,-6.432,500,5.2504,0.081,0
0.04332,20.37042078,-6.345,525,5.2504,0.0812,0
0.04356,17.86487575,-6.262,550,5.2504,0.0814,0
0.04381,15.6675107,-6.182,575,5.2504,0.0817,0
0.04406,13.77209469,-6.105,600,5.2504,0.0819,0
0.04458,10.73989412,-5.961,650,5.2504,0.0824,0
0.04508,8.590135215,-5.828,700,5.2504,0.0829,0
0.04556,7.063175543,-5.703,750,5.2504,0.0833,0
0.04604,5.902010802,-5.587,800,5.2504,0.0837,0
0.04653,5.023425895,-5.477,850,5.2504,0.0842,0
0.04702,4.315190768,-5.373,900,5.2504,0.0846,0
0.04752,3.749730022,-5.274,950,5.2504,0.0851,0
0.04803,3.30369541,-5.181,1000,5.2504,0.0855,0
0.04909,2.612161354,-5.006,1100,5.2504,0.0865,0
0.05023,2.118361135,-4.844,1200,5.2504,0.0875,0
0.0515,1.753880502,-4.695,1300,5.2504,0.0886,0
0.0529,1.465547841,-4.554,1400,5.2504,0.0897,0
0.05443,1.241652308,-4.422,1500,5.2504,0.091,0
0.05605,1.066596121,-4.297,1600,5.2504,0.0924,0
0.05781,0.931107875,-4.178,1700,5.2504,0.0938,0
0.05967,0.82603795,-4.065,1800,5.2504,0.0953,0
0.06174,0.739605275,-3.957,1900,5.2504,0.097,0
0.06399,0.669884609,-3.852,2000,5.2504,0.0987,0
0.0005,0.237684029,-7.705,200,3,0.1169,0.5
0.00053,0.148593564,-7.479,225,3,0.1198,0.5
0.00055,0.097050997,-7.277,250,3,0.1225,0.5
0.00058,0.065463617,-7.092,275,3,0.1253,0.5
0.0006,0.045708819,-6.922,300,3,0.128,0.5
0.00063,0.032062693,-6.764,325,3,0.1308,0.5
0.00066,0.022698649,-6.619,350,3,0.1333,0.5
0.00068,0.016672472,-6.486,375,3,0.1353,0.5
0.00069,0.012705741,-6.364,400,3,0.1368,0.5
0.0007,0.009977001,-6.25,425,3,0.1382,0.5
0.00072,0.008184648,-6.141,450,3,0.1398,0.5
0.00074,0.006807694,-6.038,475,3,0.1413,0.5
0.00075,0.005741165,-5.939,500,3,0.1428,0.5
0.00077,0.004841724,-5.845,525,3,0.1444,0.5
0.00079,0.00414954,-5.755,550,3,0.1459,0.5
0.0008,0.003589219,-5.669,575,3,0.1475,0.5
0.00082,0.003133286,-5.586,600,3,0.149,0.5
0.00085,0.002449063,-5.43,650,3,0.1518,0.5
0.00088,0.00196336,-5.285,700,3,0.1548,0.5
0.00092,0.001633052,-5.149,750,3,0.1577,0.5
0.00095,0.001406048,-5.02,800,3,0.1609,0.5
0.00099,0.001250259,-4.898,850,3,0.164,0.5
0.00102,0.001069055,-4.784,900,3,0.1666,0.5
0.00106,0.000887156,-4.674,950,3,0.1697,0.5
0.00111,0.000749894,-4.567,1000,3,0.1734,0.5
0.0012,0.000555904,-4.365,1100,3,0.1807,0.5
0.00129,0.000414954,-4.185,1200,3,0.1868,0.5
0.00138,0.000328095,-4.015,1300,3,0.1936,0.5
0.00148,0.00027227,-3.856,1400,3,0.2005,0.5
0.0015,0.000183231,-3.732,1500,3,0.2014,0.5
0.00159,0.000142889,-3.594,1600,3,0.2076,0.5
0.00172,0.000119124,-3.453,1700,3,0.2162,0.5
0.00192,0.000114815,-3.306,1800,3,0.2284,0.5
0.00237,0.000130317,-3.122,1900,3,0.2536,0.5
0.00253,0.000102565,-3.005,2000,3,0.2618,0.5
0.00081,0.45708819,-7.752,200,3.2504,0.1107,0.5
0.00084,0.306902199,-7.527,225,3.2504,0.1134,0.5
0.00088,0.213304491,-7.324,250,3.2504,0.116,0.5
0.00092,0.152405275,-7.14,275,3.2504,0.1185,0.5
0.00096,0.111173173,-6.971,300,3.2504,0.121,0.5
0.001,0.080352612,-6.814,325,3.2504,0.1235,0.5
0.00104,0.056104798,-6.669,350,3.2504,0.1258,0.5
0.00107,0.041209752,-6.537,375,3.2504,0.1276,0.5
0.00109,0.03250873,-6.415,400,3.2504,0.129,0.5
0.00111,0.026853444,-6.302,425,3.2504,0.1302,0.5
0.00113,0.022284351,-6.195,450,3.2504,0.1314,0.5
0.00116,0.018620871,-6.092,475,3.2504,0.1327,0.5
0.00118,0.015667511,-5.995,500,3.2504,0.134,0.5
0.0012,0.013304544,-5.902,525,3.2504,0.1352,0.5
0.00122,0.011402498,-5.813,550,3.2504,0.1365,0.5
0.00125,0.009817479,-5.728,575,3.2504,0.1378,0.5
0.00127,0.008570378,-5.646,600,3.2504,0.139,0.5
0.00131,0.006683439,-5.492,650,3.2504,0.1414,0.5
0.00136,0.005308844,-5.349,700,3.2504,0.1438,0.5
0.0014,0.004345102,-5.214,750,3.2504,0.1462,0.5
0.00145,0.003614099,-5.088,800,3.2504,0.1486,0.5
0.0015,0.003083188,-4.969,850,3.2504,0.151,0.5
0.00155,0.002624219,-4.856,900,3.2504,0.1535,0.5
0.0016,0.002228435,-4.747,950,3.2504,0.1561,0.5
0.00166,0.001923092,-4.643,1000,3.2504,0.1588,0.5
0.00178,0.001482518,-4.447,1100,3.2504,0.1645,0.5
0.00192,0.001193988,-4.263,1200,3.2504,0.1709,0.5
0.00207,0.000977237,-4.091,1300,3.2504,0.1774,0.5
0.00225,0.000796159,-3.925,1400,3.2504,0.1852,0.5
0.00249,0.000682339,-3.761,1500,3.2504,0.1948,0.5
0.00274,0.000583445,-3.608,1600,3.2504,0.2043,0.5
0.00299,0.000505825,-3.465,1700,3.2504,0.2132,0.5
0.00329,0.000439542,-3.324,1800,3.2504,0.2238,0.5
0.00372,0.000401791,-3.176,1900,3.2504,0.238,0.5
0.00422,0.000358922,-3.033,2000,3.2504,0.2535,0.5
0.00138,1.137627286,-7.768,200,3.4997,0.1087,0.5
0.00144,0.778036551,-7.545,225,3.4997,0.1111,0.5
0.0015,0.544502653,-7.343,250,3.4997,0.1135,0.5
0.00156,0.378442585,-7.16,275,3.4997,0.1157,0.5
0.00162,0.264850014,-6.993,300,3.4997,0.1179,0.5
0.00168,0.185353162,-6.839,325,3.4997,0.12,0.5
0.00173,0.130316678,-6.696,350,3.4997,0.122,0.5
0.00178,0.097274722,-6.565,375,3.4997,0.1235,0.5
0.00181,0.076736149,-6.445,400,3.4997,0.1247,0.5
0.00184,0.063679552,-6.332,425,3.4997,0.1258,0.5
0.00187,0.053088444,-6.226,450,3.4997,0.1268,0.5
0.00191,0.044463127,-6.124,475,3.4997,0.1279,0.5
0.00194,0.03758374,-6.028,500,3.4997,0.1289,0.5
0.00197,0.032210688,-5.936,525,3.4997,0.13,0.5
0.002,0.027861212,-5.849,550,3.4997,0.131,0.5
0.00203,0.02421029,-5.765,575,3.4997,0.132,0.5
0.00206,0.021183611,-5.685,600,3.4997,0.133,0.5
0.00212,0.016672472,-5.533,650,3.4997,0.1349,0.5
0.00218,0.013273945,-5.392,700,3.4997,0.1369,0.5
0.00225,0.010715193,-5.259,750,3.4997,0.1389,0.5
0.00232,0.008810489,-5.134,800,3.4997,0.141,0.5
0.00239,0.007379042,-5.015,850,3.4997,0.1432,0.5
0.00246,0.006251727,-4.903,900,3.4997,0.1453,0.5
0.00253,0.005432503,-4.797,950,3.4997,0.1474,0.5
0.00261,0.00476431,-4.695,1000,3.4997,0.1495,0.5
0.00276,0.00374973,-4.504,1100,3.4997,0.154,0.5
0.00295,0.003026913,-4.325,1200,3.4997,0.1591,0.5
0.00317,0.002477422,-4.154,1300,3.4997,0.165,0.5
0.00343,0.002084491,-3.991,1400,3.4997,0.1716,0.5
0.00375,0.001782379,-3.833,1500,3.4997,0.1793,0.5
0.00413,0.001552387,-3.679,1600,3.4997,0.1881,0.5
0.00459,0.001367729,-3.528,1700,3.4997,0.1984,0.5
0.00516,0.001216186,-3.378,1800,3.4997,0.2104,0.5
0.00579,0.001093956,-3.234,1900,3.4997,0.2229,0.5
0.00645,0.000981748,-3.098,2000,3.4997,0.2353,0.5
0.0024,2.760577856,-7.777,200,3.7497,0.1076,0.5
0.00249,1.90107828,-7.556,225,3.7497,0.1096,0.5
0.00258,1.312199899,-7.357,250,3.7497,0.1116,0.5
0.00268,0.90782053,-7.177,275,3.7497,0.1136,0.5
0.00277,0.632411851,-7.011,300,3.7497,0.1155,0.5
0.00285,0.44874539,-6.859,325,3.7497,0.1172,0.5
0.00293,0.322849412,-6.719,350,3.7497,0.1188,0.5
0.00299,0.244906324,-6.59,375,3.7497,0.1201,0.5
0.00304,0.194536008,-6.47,400,3.7497,0.1211,0.5
0.00309,0.159220873,-6.358,425,3.7497,0.1221,0.5
0.00314,0.13121999,-6.252,450,3.7497,0.123,0.5
0.00319,0.108642562,-6.151,475,3.7497,0.124,0.5
0.00323,0.09183326,-6.056,500,3.7497,0.1249,0.5
0.00328,0.078523563,-5.965,525,3.7497,0.1257,0.5
0.00332,0.067764151,-5.879,550,3.7497,0.1266,0.5
0.00336,0.059566214,-5.796,575,3.7497,0.1274,0.5
0.00341,0.052480746,-5.717,600,3.7497,0.1282,0.5
0.00349,0.041879357,-5.567,650,3.7497,0.1298,0.5
0.00358,0.033728731,-5.427,700,3.7497,0.1315,0.5
0.00368,0.027415742,-5.295,750,3.7497,0.1332,0.5
0.00378,0.022542392,-5.171,800,3.7497,0.1351,0.5
0.00389,0.018836491,-5.054,850,3.7497,0.1369,0.5
0.00399,0.016069413,-4.943,900,3.7497,0.1387,0.5
0.00409,0.013867558,-4.838,950,3.7497,0.1405,0.5
0.0042,0.012189896,-4.738,1000,3.7497,0.1423,0.5
0.00442,0.00963829,-4.55,1100,3.7497,0.1461,0.5
0.00469,0.007816278,-4.374,1200,3.7497,0.1503,0.5
0.00499,0.006471426,-4.208,1300,3.7497,0.1551,0.5
0.00534,0.005432503,-4.05,1400,3.7497,0.1604,0.5
0.00573,0.004655861,-3.899,1500,3.7497,0.1663,0.5
0.00621,0.004055085,-3.752,1600,3.7497,0.173,0.5
0.00677,0.003539973,-3.609,1700,3.7497,0.1806,0.5
0.00744,0.003126079,-3.469,1800,3.7497,0.1895,0.5
0.00819,0.002818383,-3.333,1900,3.7497,0.1987,0.5
0.00909,0.002570396,-3.199,2000,3.7497,0.2094,0.5
0.00411,6.591738952,-7.794,200,4,0.1055,0.5
0.00422,4.613175746,-7.577,225,4,0.107,0.5
0.00435,3.235936569,-7.382,250,4,0.1085,0.5
0.00448,2.254239212,-7.203,275,4,0.1102,0.5
0.00461,1.570362804,-7.04,300,4,0.1118,0.5
0.00473,1.106623784,-6.889,325,4,0.1132,0.5
0.00484,0.805378441,-6.751,350,4,0.1145,0.5
0.00493,0.609536897,-6.623,375,4,0.1156,0.5
0.00501,0.484172368,-6.504,400,4,0.1165,0.5
0.00508,0.390840896,-6.392,425,4,0.1174,0.5
0.00515,0.324339617,-6.287,450,4,0.1181,0.5
0.00522,0.269773943,-6.187,475,4,0.1189,0.5
0.00528,0.229614865,-6.093,500,4,0.1197,0.5
0.00535,0.197242274,-6.003,525,4,0.1204,0.5
0.00541,0.171001532,-5.917,550,4,0.1211,0.5
0.00547,0.150314197,-5.835,575,4,0.1218,0.5
0.00553,0.133045442,-5.756,600,4,0.1225,0.5
0.00566,0.105925373,-5.608,650,4,0.1238,0.5
0.00578,0.086099375,-5.469,700,4,0.1252,0.5
0.00592,0.071121351,-5.339,750,4,0.1266,0.5
0.00606,0.059292532,-5.217,800,4,0.1281,0.5
0.00621,0.049888449,-5.101,850,4,0.1297,0.5
0.00636,0.042364297,-4.991,900,4,0.1313,0.5
0.00651,0.036643757,-4.887,950,4,0.1328,0.5
0.00666,0.031988951,-4.788,1000,4,0.1344,0.5
0.007,0.025118864,-4.601,1100,4,0.1377,0.5
0.00737,0.020183664,-4.428,1200,4,0.1413,0.5
0.00778,0.016595869,-4.265,1300,4,0.1452,0.5
0.00823,0.013899526,-4.112,1400,4,0.1494,0.5
0.00873,0.011857687,-3.966,1500,4,0.1538,0.5
0.0093,0.010327614,-3.827,1600,4,0.1587,0.5
0.00993,0.009141132,-3.693,1700,4,0.1641,0.5
0.01071,0.008165824,-3.561,1800,4,0.1704,0.5
0.01162,0.007430191,-3.431,1900,4,0.1775,0.5
0.01277,0.007030723,-3.302,2000,4,0.186,0.5
0.00679,15.81248039,-7.826,200,4.2504,0.1017,0.5
0.00693,11.35010816,-7.613,225,4.2504,0.1027,0.5
0.00709,8.203515443,-7.42,250,4.2504,0.1039,0.5
0.00726,5.807644175,-7.244,275,4.2504,0.1052,0.5
0.00745,4.045758917,-7.082,300,4.2504,0.1065,0.5
0.00762,2.837919028,-6.933,325,4.2504,0.1077,0.5
0.00778,2.037042078,-6.795,350,4.2504,0.1089,0.5
0.00792,1.489361078,-6.667,375,4.2504,0.1098,0.5
0.00804,1.148153621,-6.549,400,4.2504,0.1107,0.5
0.00813,0.933254301,-6.438,425,4.2504,0.1113,0.5
0.00821,0.794328235,-6.335,450,4.2504,0.1118,0.5
0.00829,0.683911647,-6.237,475,4.2504,0.1124,0.5
0.00837,0.591561634,-6.143,500,4.2504,0.1129,0.5
0.00846,0.509330871,-6.054,525,4.2504,0.1135,0.5
0.00855,0.441570447,-5.969,550,4.2504,0.1141,0.5
0.00864,0.387257645,-5.887,575,4.2504,0.1147,0.5
0.00873,0.342767787,-5.809,600,4.2504,0.1153,0.5
0.0089,0.27542287,-5.661,650,4.2504,0.1164,0.5
0.00907,0.225423921,-5.524,700,4.2504,0.1175,0.5
0.00924,0.192752491,-5.396,750,4.2504,0.1186,0.5
0.00943,0.167109061,-5.275,800,4.2504,0.1198,0.5
0.00962,0.146217717,-5.161,850,4.2504,0.1211,0.5
0.00982,0.129121927,-5.053,900,4.2504,0.1223,0.5
0.01003,0.114551294,-4.95,950,4.2504,0.1236,0.5
0.01025,0.112719746,-4.852,1000,4.2504,0.1249,0.5
0.01071,0.125602996,-4.667,1100,4.2504,0.1277,0.5
0.01121,0.129717927,-4.496,1200,4.2504,0.1307,0.5
0.01175,0.140604752,-4.336,1300,4.2504,0.1337,0.5
0.01235,0.114551294,-4.186,1400,4.2504,0.1372,0.5
0.01301,0.088511561,-4.043,1500,4.2504,0.1408,0.5
0.01376,0.06886523,-3.907,1600,4.2504,0.1448,0.5
0.01458,0.054954087,-3.777,1700,4.2504,0.149,0.5
0.01557,0.044463127,-3.649,1800,4.2504,0.154,0.5
0.01674,0.03689776,-3.523,1900,4.2504,0.1596,0.5
0.01814,0.031477483,-3.399,2000,4.2504,0.1662,0.5
0.01072,40.27170343,-7.877,200,4.4997,0.0959,0.5
0.01095,29.78516429,-7.663,225,4.4997,0.0969,0.5
0.01119,22.02926463,-7.471,250,4.4997,0.098,0.5
0.01143,15.92208727,-7.296,275,4.4997,0.099,0.5
0.01166,11.35010816,-7.136,300,4.4997,0.1,0.5
0.0119,7.99834255,-6.988,325,4.4997,0.101,0.5
0.01213,5.597576015,-6.851,350,4.4997,0.102,0.5
0.01234,3.926449354,-6.724,375,4.4997,0.1029,0.5
0.01251,2.937649652,-6.606,400,4.4997,0.1036,0.5
0.01263,2.382319469,-6.497,425,4.4997,0.1041,0.5
0.01271,2.098939884,-6.395,450,4.4997,0.1044,0.5
0.0128,1.840772001,-6.297,475,4.4997,0.1048,0.5
0.01292,1.588546749,-6.204,500,4.4997,0.1053,0.5
0.01304,1.364583137,-6.116,525,4.4997,0.1057,0.5
0.01316,1.177605974,-6.031,550,4.4997,0.1063,0.5
0.01329,1.020939484,-5.949,575,4.4997,0.1068,0.5
0.01341,0.903649474,-5.872,600,4.4997,0.1072,0.5
0.01364,0.721107479,-5.725,650,4.4997,0.1081,0.5
0.01386,0.59020108,-5.589,700,4.4997,0.109,0.5
0.01409,0.496592321,-5.462,750,4.4997,0.1099,0.5
0.01432,0.420726628,-5.343,800,4.4997,0.1108,0.5
0.01457,0.362242998,-5.23,850,4.4997,0.1118,0.5
0.01482,0.314050869,-5.124,900,4.4997,0.1127,0.5
0.01508,0.27542287,-5.022,950,4.4997,0.1137,0.5
0.01537,0.24266101,-4.925,1000,4.4997,0.1148,0.5
0.01597,0.190985326,-4.742,1100,4.4997,0.117,0.5
0.01663,0.154881662,-4.574,1200,4.4997,0.1194,0.5
0.01734,0.128824955,-4.417,1300,4.4997,0.122,0.5
0.01811,0.108143395,-4.269,1400,4.4997,0.1246,0.5
0.019,0.092896639,-4.128,1500,4.4997,0.1277,0.5
0.02,0.080167806,-3.994,1600,4.4997,0.131,0.5
0.02114,0.070307232,-3.865,1700,4.4997,0.1346,0.5
0.0224,0.061944108,-3.74,1800,4.4997,0.1386,0.5
0.02387,0.055335011,-3.619,1900,4.4997,0.1431,0.5
0.02562,0.049773708,-3.499,2000,4.4997,0.1482,0.5
0.01679,93.75620069,-7.932,200,4.7497,0.09,0.5
0.01707,67.45280277,-7.721,225,4.7497,0.0907,0.5
0.01734,48.64072057,-7.531,250,4.7497,0.0915,0.5
0.01761,35.2370871,-7.358,275,4.7497,0.0922,0.5
0.01788,25.58585887,-7.201,300,4.7497,0.0929,0.5
0.01814,18.7068214,-7.055,325,4.7497,0.0935,0.5
0.0184,13.74041975,-6.92,350,4.7497,0.0942,0.5
0.01866,10.09252886,-6.794,375,4.7497,0.0949,0.5
0.01887,7.798301105,-6.677,400,4.7497,0.0954,0.5
0.01904,6.353309319,-6.568,425,4.7497,0.0958,0.5
0.01918,5.457578611,-6.466,450,4.7497,0.0962,0.5
0.01934,4.655860935,-6.368,475,4.7497,0.0966,0.5
0.01951,3.953666201,-6.275,500,4.7497,0.097,0.5
0.01969,3.334264128,-6.186,525,4.7497,0.0975,0.5
0.01987,2.844461107,-6.102,550,4.7497,0.0979,0.5
0.02003,2.477422058,-6.021,575,4.7497,0.0983,0.5
0.02018,2.182729912,-5.944,600,4.7497,0.0987,0.5
0.02049,1.733803998,-5.798,650,4.7497,0.0994,0.5
0.02079,1.406047524,-5.663,700,4.7497,0.1001,0.5
0.02109,1.164126029,-5.537,750,4.7497,0.1009,0.5
0.02139,0.986279486,-5.419,800,4.7497,0.1016,0.5
0.0217,0.845278845,-5.307,850,4.7497,0.1023,0.5
0.02201,0.734513868,-5.202,900,4.7497,0.103,0.5
0.02234,0.644169266,-5.101,950,4.7497,0.1038,0.5
0.02269,0.567544605,-5.006,1000,4.7497,0.1046,0.5
0.02346,0.449779855,-4.826,1100,4.7497,0.1064,0.5
0.0243,0.363915036,-4.659,1200,4.7497,0.1082,0.5
0.02521,0.30060763,-4.504,1300,4.7497,0.1103,0.5
0.02623,0.252348077,-4.358,1400,4.7497,0.1125,0.5
0.02736,0.215278173,-4.22,1500,4.7497,0.1149,0.5
0.02867,0.185780446,-4.088,1600,4.7497,0.1176,0.5
0.03014,0.161808004,-3.961,1700,4.7497,0.1206,0.5
0.03178,0.142232879,-3.838,1800,4.7497,0.1238,0.5
0.0336,0.126765187,-3.72,1900,4.7497,0.1273,0.5
0.03565,0.114024979,-3.605,2000,4.7497,0.1311,0.5
0.02593,120.503594,-7.994,200,5,0.0838,0.5
0.02619,95.71940713,-7.785,225,5,0.0842,0.5
0.02644,76.38357836,-7.598,250,5,0.0847,0.5
0.02669,61.37620052,-7.428,275,5,0.0851,0.5
0.02694,49.54501908,-7.273,300,5,0.0854,0.5
0.02719,40.17908108,-7.13,325,5,0.0858,0.5
0.02744,32.73406949,-6.997,350,5,0.0862,0.5
0.02768,26.79168325,-6.873,375,5,0.0866,0.5
0.02793,21.97859873,-6.757,400,5,0.087,0.5
0.02818,18.15515663,-6.648,425,5,0.0874,0.5
0.02843,15.03141966,-6.545,450,5,0.0878,0.5
0.02869,12.5025903,-6.447,475,5,0.0882,0.5
0.02895,10.32761406,-6.354,500,5,0.0886,0.5
0.0292,8.629785478,-6.266,525,5,0.089,0.5
0.02945,7.277798045,-6.181,550,5,0.0893,0.5
0.02963,6.441692655,-6.101,575,5,0.0896,0.5
0.02984,5.66239289,-6.024,600,5,0.0899,0.5
0.03025,4.477133042,-5.879,650,5,0.0905,0.5
0.03065,3.597493352,-5.745,700,5,0.0911,0.5
0.03105,2.958012467,-5.619,750,5,0.0917,0.5
0.03145,2.488857318,-5.502,800,5,0.0923,0.5
0.03184,2.133044913,-5.391,850,5,0.0929,0.5
0.03224,1.849268619,-5.286,900,5,0.0935,0.5
0.03266,1.629296033,-5.187,950,5,0.0941,0.5
0.03308,1.442115352,-5.092,1000,5,0.0947,0.5
0.03402,1.150800389,-4.914,1100,5,0.096,0.5
0.03507,0.935405674,-4.75,1200,5,0.0975,0.5
0.03625,0.770903469,-4.597,1300,5,0.0991,0.5
0.03757,0.645654229,-4.452,1400,5,0.1009,0.5
0.03904,0.549540874,-4.316,1500,5,0.1029,0.5
0.0407,0.473151259,-4.186,1600,5,0.105,0.5
0.04254,0.410204103,-4.061,1700,5,0.1074,0.5
0.04455,0.359749335,-3.942,1800,5,0.1099,0.5
0.04679,0.319889511,-3.827,1900,5,0.1126,0.5
0.04924,0.287739841,-3.715,2000,5,0.1155,0.5
0.03844,218.2729912,-8.073,200,5.2504,0.0765,0.5
0.03874,181.5515663,-7.865,225,5.2504,0.0768,0.5
0.03906,151.0080154,-7.679,250,5.2504,0.0771,0.5
0.03939,126.1827535,-7.509,275,5.2504,0.0775,0.5
0.03973,105.4386896,-7.355,300,5.2504,0.0778,0.5
0.04006,88.51156098,-7.212,325,5.2504,0.0781,0.5
0.04039,74.30191379,-7.08,350,5.2504,0.0784,0.5
0.04074,60.39486294,-6.956,375,5.2504,0.0788,0.5
0.04109,49.65923215,-6.84,400,5.2504,0.0791,0.5
0.04143,41.20975191,-6.731,425,5.2504,0.0794,0.5
0.04176,34.67368505,-6.629,450,5.2504,0.0797,0.5
0.04207,29.51209227,-6.531,475,5.2504,0.08,0.5
0.04237,25.3512863,-6.439,500,5.2504,0.0803,0.5
0.04266,22.02926463,-6.352,525,5.2504,0.0806,0.5
0.04293,19.31968317,-6.268,550,5.2504,0.0809,0.5
0.04317,17.10015315,-6.188,575,5.2504,0.0811,0.5
0.04345,14.96235656,-6.112,600,5.2504,0.0813,0.5
0.044,11.74897555,-5.967,650,5.2504,0.0819,0.5
0.04455,9.375620069,-5.833,700,5.2504,0.0824,0.5
0.04507,7.709034691,-5.708,750,5.2504,0.0828,0.5
0.04559,6.486344335,-5.591,800,5.2504,0.0833,0.5
0.0461,5.54625713,-5.481,850,5.2504,0.0838,0.5
0.04662,4.819477976,-5.377,900,5.2504,0.0843,0.5
0.04714,4.23642966,-5.278,950,5.2504,0.0847,0.5
0.04768,3.749730022,-5.184,1000,5.2504,0.0852,0.5
0.04883,3.026913428,-5.008,1100,5.2504,0.0862,0.5
0.05013,2.488857318,-4.845,1200,5.2504,0.0874,0.5
0.05162,2.074913517,-4.694,1300,5.2504,0.0887,0.5
0.05331,1.753880502,-4.551,1400,5.2504,0.0901,0.5
0.05521,1.499684836,-4.416,1500,5.2504,0.0917,0.5
0.05733,1.306170888,-4.287,1600,5.2504,0.0934,0.5
0.05965,1.148153621,-4.165,1700,5.2504,0.0953,0.5
0.06216,1.028016298,-4.048,1800,5.2504,0.0973,0.5
0.06489,0.928966387,-3.935,1900,5.2504,0.0994,0.5
0.06789,0.859013522,-3.826,2000,5.2504,0.1017,0.5
0.00051,0.164816239,-7.703,200,3,0.1172,-0.5
0.00052,0.110153931,-7.483,225,3,0.1192,-0.5
0.00054,0.076913044,-7.286,250,3,0.1212,-0.5
0.00056,0.05508077,-7.107,275,3,0.1231,-0.5
0.00058,0.040179081,-6.943,300,3,0.125,-0.5
0.00059,0.02971666,-6.791,325,3,0.1268,-0.5
0.00061,0.022284351,-6.65,350,3,0.1287,-0.5
0.00063,0.01678804,-6.517,375,3,0.1306,-0.5
0.00065,0.012676519,-6.393,400,3,0.1324,-0.5
0.00066,0.009549926,-6.276,425,3,0.1341,-0.5
0.00068,0.007112135,-6.167,450,3,0.1356,-0.5
0.00069,0.00519996,-6.064,475,3,0.1371,-0.5
0.00071,0.003881504,-5.967,500,3,0.1383,-0.5
0.00072,0.003213661,-5.875,525,3,0.1394,-0.5
0.00073,0.002792544,-5.788,550,3,0.1405,-0.5
0.00074,0.002460368,-5.705,575,3,0.1415,-0.5
0.00075,0.00218273,-5.624,600,3,0.1426,-0.5
0.00077,0.001737801,-5.471,650,3,0.1449,-0.5
0.0008,0.001406048,-5.328,700,3,0.1472,-0.5
0.00083,0.001156112,-5.195,750,3,0.1496,-0.5
0.00085,0.000968278,-5.069,800,3,0.1519,-0.5
0.00088,0.000822243,-4.95,850,3,0.1544,-0.5
0.00091,0.000711214,-4.836,900,3,0.157,-0.5
0.00094,0.000620869,-4.728,950,3,0.1595,-0.5
0.00097,0.000548277,-4.626,1000,3,0.162,-0.5
0.00105,0.000431519,-4.425,1100,3,0.1686,-0.5
0.0011,0.000292415,-4.252,1200,3,0.1729,-0.5
0.00116,0.000203704,-4.092,1300,3,0.1772,-0.5
0.00122,0.000146555,-3.941,1400,3,0.1817,-0.5
0.00128,0.000109396,-3.8,1500,3,0.1864,-0.5
0.00135,8.47227E-05,-3.665,1600,3,0.1913,-0.5
0.00142,6.85488E-05,-3.537,1700,3,0.1963,-0.5
0.0015,5.79429E-05,-3.415,1800,3,0.2016,-0.5
0.0016,4.88652E-05,-3.294,1900,3,0.208,-0.5
0.00168,3.99025E-05,-3.183,2000,3,0.2132,-0.5
0.00082,0.317687407,-7.745,200,3.2504,0.1117,-0.5
0.00085,0.219785987,-7.526,225,3.2504,0.1135,-0.5
0.00087,0.158854675,-7.33,250,3.2504,0.1153,-0.5
0.0009,0.117760597,-7.151,275,3.2504,0.117,-0.5
0.00092,0.089125094,-6.988,300,3.2504,0.1187,-0.5
0.00095,0.068548823,-6.837,325,3.2504,0.1203,-0.5
0.00098,0.05333349,-6.696,350,3.2504,0.122,-0.5
0.001,0.041975898,-6.564,375,3.2504,0.1237,-0.5
0.00103,0.032359366,-6.441,400,3.2504,0.1253,-0.5
0.00106,0.024888573,-6.325,425,3.2504,0.1268,-0.5
0.00108,0.019678863,-6.216,450,3.2504,0.1282,-0.5
0.0011,0.015848932,-6.114,475,3.2504,0.1294,-0.5
0.00112,0.013273945,-6.018,500,3.2504,0.1305,-0.5
0.00114,0.011220185,-5.926,525,3.2504,0.1315,-0.5
0.00115,0.009660509,-5.839,550,3.2504,0.1324,-0.5
0.00117,0.0083946,-5.756,575,3.2504,0.1334,-0.5
0.00119,0.007345139,-5.676,600,3.2504,0.1343,-0.5
0.00122,0.005714786,-5.524,650,3.2504,0.1362,-0.5
0.00125,0.004528976,-5.384,700,3.2504,0.1381,-0.5
0.00129,0.003672823,-5.252,750,3.2504,0.1401,-0.5
0.00132,0.003019952,-5.128,800,3.2504,0.142,-0.5
0.00136,0.002523481,-5.01,850,3.2504,0.144,-0.5
0.0014,0.002133045,-4.898,900,3.2504,0.1461,-0.5
0.00144,0.001819701,-4.792,950,3.2504,0.1483,-0.5
0.00149,0.001570363,-4.69,1000,3.2504,0.1504,-0.5
0.00157,0.001174898,-4.5,1100,3.2504,0.1547,-0.5
0.00166,0.000879023,-4.325,1200,3.2504,0.159,-0.5
0.00176,0.000682339,-4.162,1300,3.2504,0.1635,-0.5
0.00186,0.000549541,-4.009,1400,3.2504,0.1682,-0.5
0.00196,0.000459198,-3.865,1500,3.2504,0.1729,-0.5
0.00208,0.000383707,-3.729,1600,3.2504,0.1778,-0.5
0.00219,0.0003155,-3.599,1700,3.2504,0.1828,-0.5
0.00232,0.000265461,-3.476,1800,3.2504,0.1879,-0.5
0.00245,0.000228034,-3.359,1900,3.2504,0.193,-0.5
0.00257,0.000195434,-3.248,2000,3.2504,0.198,-0.5
0.00142,0.779830111,-7.756,200,3.4997,0.1103,-0.5
0.00146,0.545757861,-7.539,225,3.4997,0.1118,-0.5
0.0015,0.396278034,-7.344,250,3.4997,0.1134,-0.5
0.00154,0.291742701,-7.167,275,3.4997,0.1149,-0.5
0.00158,0.217770977,-7.005,300,3.4997,0.1164,-0.5
0.00162,0.16519618,-6.855,325,3.4997,0.1178,-0.5
0.00166,0.126182753,-6.716,350,3.4997,0.1192,-0.5
0.0017,0.097050997,-6.586,375,3.4997,0.1206,-0.5
0.00174,0.074989421,-6.463,400,3.4997,0.122,-0.5
0.00178,0.058076442,-6.349,425,3.4997,0.1234,-0.5
0.00181,0.046025657,-6.241,450,3.4997,0.1246,-0.5
0.00184,0.03767038,-6.14,475,3.4997,0.1256,-0.5
0.00187,0.031550046,-6.044,500,3.4997,0.1266,-0.5
0.00189,0.026915348,-5.953,525,3.4997,0.1275,-0.5
0.00192,0.023173946,-5.867,550,3.4997,0.1283,-0.5
0.00194,0.020137242,-5.784,575,3.4997,0.1291,-0.5
0.00197,0.01770109,-5.705,600,3.4997,0.1299,-0.5
0.00202,0.013867558,-5.555,650,3.4997,0.1315,-0.5
0.00207,0.011015393,-5.416,700,3.4997,0.1331,-0.5
0.00212,0.008851156,-5.286,750,3.4997,0.1347,-0.5
0.00217,0.007227698,-5.163,800,3.4997,0.1363,-0.5
0.00221,0.006095369,-5.049,850,3.4997,0.1377,-0.5
0.00226,0.005236004,-4.941,900,3.4997,0.1391,-0.5
0.00231,0.004539416,-4.838,950,3.4997,0.1406,-0.5
0.00236,0.003926449,-4.738,1000,3.4997,0.1423,-0.5
0.00248,0.003006076,-4.552,1100,3.4997,0.1458,-0.5
0.00261,0.002344229,-4.378,1200,3.4997,0.1496,-0.5
0.00275,0.001883649,-4.216,1300,3.4997,0.1536,-0.5
0.00291,0.001559553,-4.063,1400,3.4997,0.1579,-0.5
0.00307,0.001324342,-3.92,1500,3.4997,0.1623,-0.5
0.00325,0.001122018,-3.783,1600,3.4997,0.1669,-0.5
0.00346,0.000990832,-3.65,1700,3.4997,0.1723,-0.5
0.00371,0.000877001,-3.522,1800,3.4997,0.1783,-0.5
0.00397,0.00077983,-3.398,1900,3.4997,0.1845,-0.5
0.00427,0.000695024,-3.276,2000,3.4997,0.1915,-0.5
0.00249,1.887991349,-7.762,200,3.7497,0.1095,-0.5
0.00254,1.324341535,-7.547,225,3.7497,0.1108,-0.5
0.0026,0.952796164,-7.354,250,3.7497,0.1121,-0.5
0.00266,0.701455298,-7.179,275,3.7497,0.1133,-0.5
0.00272,0.526017266,-7.018,300,3.7497,0.1146,-0.5
0.00278,0.400866718,-6.87,325,3.7497,0.1158,-0.5
0.00284,0.308318795,-6.732,350,3.7497,0.117,-0.5
0.0029,0.239331576,-6.603,375,3.7497,0.1182,-0.5
0.00296,0.185780446,-6.482,400,3.7497,0.1194,-0.5
0.00301,0.144543977,-6.369,425,3.7497,0.1206,-0.5
0.00307,0.113762729,-6.262,450,3.7497,0.1216,-0.5
0.00311,0.092257143,-6.161,475,3.7497,0.1226,-0.5
0.00316,0.077268059,-6.067,500,3.7497,0.1234,-0.5
0.00319,0.06622165,-5.977,525,3.7497,0.1241,-0.5
0.00323,0.057016427,-5.891,550,3.7497,0.1248,-0.5
0.00327,0.049431069,-5.809,575,3.7497,0.1255,-0.5
0.0033,0.043251383,-5.73,600,3.7497,0.1262,-0.5
0.00337,0.033728731,-5.582,650,3.7497,0.1276,-0.5
0.00345,0.026915348,-5.444,700,3.7497,0.1289,-0.5
0.00352,0.021827299,-5.315,750,3.7497,0.1303,-0.5
0.00359,0.018071741,-5.194,800,3.7497,0.1316,-0.5
0.00366,0.015240528,-5.08,850,3.7497,0.1329,-0.5
0.00373,0.013182567,-4.973,900,3.7497,0.1341,-0.5
0.0038,0.011428783,-4.871,950,3.7497,0.1354,-0.5
0.00389,0.009908319,-4.772,1000,3.7497,0.1369,-0.5
0.00406,0.00762079,-4.587,1100,3.7497,0.14,-0.5
0.00426,0.005970353,-4.416,1200,3.7497,0.1433,-0.5
0.00446,0.004852885,-4.256,1300,3.7497,0.1467,-0.5
0.00468,0.004008667,-4.107,1400,3.7497,0.1503,-0.5
0.00492,0.003388442,-3.965,1500,3.7497,0.154,-0.5
0.00518,0.002917427,-3.831,1600,3.7497,0.158,-0.5
0.00546,0.002529298,-3.703,1700,3.7497,0.1623,-0.5
0.00579,0.002243882,-3.578,1800,3.7497,0.1671,-0.5
0.00617,0.002009093,-3.456,1900,3.7497,0.1724,-0.5
0.00659,0.00181134,-3.338,2000,3.7497,0.1783,-0.5
0.00426,4.602565736,-7.779,200,4,0.1074,-0.5
0.00434,3.213660539,-7.566,225,4,0.1084,-0.5
0.00442,2.322736796,-7.375,250,4,0.1094,-0.5
0.0045,1.721868575,-7.201,275,4,0.1104,-0.5
0.00458,1.294195841,-7.042,300,4,0.1115,-0.5
0.00467,0.986279486,-6.895,325,4,0.1125,-0.5
0.00475,0.760326277,-6.759,350,4,0.1135,-0.5
0.00483,0.591561634,-6.631,375,4,0.1144,-0.5
0.00492,0.461317575,-6.512,400,4,0.1154,-0.5
0.005,0.359749335,-6.399,425,4,0.1164,-0.5
0.00508,0.2831392,-6.293,450,4,0.1173,-0.5
0.00514,0.231206479,-6.194,475,4,0.1181,-0.5
0.0052,0.195884467,-6.1,500,4,0.1187,-0.5
0.00525,0.16943378,-6.011,525,4,0.1193,-0.5
0.0053,0.146217717,-5.926,550,4,0.1199,-0.5
0.00536,0.127057411,-5.844,575,4,0.1205,-0.5
0.00541,0.110662378,-5.766,600,4,0.1211,-0.5
0.00552,0.087096359,-5.618,650,4,0.1223,-0.5
0.00562,0.07014553,-5.481,700,4,0.1235,-0.5
0.00573,0.057676646,-5.353,750,4,0.1246,-0.5
0.00584,0.04819478,-5.233,800,4,0.1258,-0.5
0.00595,0.040831939,-5.12,850,4,0.127,-0.5
0.00606,0.034914032,-5.012,900,4,0.1282,-0.5
0.00618,0.029922646,-4.91,950,4,0.1295,-0.5
0.00631,0.025822602,-4.812,1000,4,0.1308,-0.5
0.00657,0.019769696,-4.628,1100,4,0.1335,-0.5
0.00685,0.015631476,-4.459,1200,4,0.1363,-0.5
0.00714,0.012647363,-4.302,1300,4,0.1392,-0.5
0.00745,0.010399202,-4.155,1400,4,0.1421,-0.5
0.00777,0.008790225,-4.017,1500,4,0.1451,-0.5
0.00812,0.007568329,-3.886,1600,4,0.1483,-0.5
0.00849,0.006591739,-3.761,1700,4,0.1517,-0.5
0.00891,0.005821032,-3.641,1800,4,0.1554,-0.5
0.00939,0.005211947,-3.524,1900,4,0.1595,-0.5
0.00993,0.004698941,-3.411,2000,4,0.164,-0.5
0.00705,11.37627286,-7.81,200,4.2504,0.1036,-0.5
0.00715,7.925013305,-7.599,225,4.2504,0.1043,-0.5
0.00726,5.72796031,-7.41,250,4.2504,0.1051,-0.5
0.00737,4.23642966,-7.238,275,4.2504,0.1059,-0.5
0.00748,3.176874071,-7.08,300,4.2504,0.1067,-0.5
0.00759,2.426610095,-6.934,325,4.2504,0.1075,-0.5
0.0077,1.87068214,-6.799,350,4.2504,0.1083,-0.5
0.00781,1.455459081,-6.673,375,4.2504,0.1091,-0.5
0.00792,1.137627286,-6.555,400,4.2504,0.1098,-0.5
0.00803,0.893305484,-6.444,425,4.2504,0.1106,-0.5
0.00813,0.711213514,-6.339,450,4.2504,0.1113,-0.5
0.00822,0.588843655,-6.241,475,4.2504,0.1119,-0.5
0.00829,0.504661298,-6.148,500,4.2504,0.1124,-0.5
0.00837,0.435511874,-6.059,525,4.2504,0.1129,-0.5
0.00844,0.375837404,-5.974,550,4.2504,0.1134,-0.5
0.00852,0.327340695,-5.893,575,4.2504,0.1139,-0.5
0.0086,0.287078058,-5.815,600,4.2504,0.1144,-0.5
0.00874,0.226464431,-5.669,650,4.2504,0.1154,-0.5
0.00889,0.183231442,-5.533,700,4.2504,0.1164,-0.5
0.00904,0.151356125,-5.406,750,4.2504,0.1173,-0.5
0.00919,0.126765187,-5.286,800,4.2504,0.1183,-0.5
0.00935,0.107151931,-5.174,850,4.2504,0.1193,-0.5
0.00951,0.091622049,-5.067,900,4.2504,0.1204,-0.5
0.00968,0.078886012,-4.965,950,4.2504,0.1214,-0.5
0.00985,0.068548823,-4.869,1000,4.2504,0.1225,-0.5
0.01022,0.053456436,-4.687,1100,4.2504,0.1247,-0.5
0.0106,0.043251383,-4.52,1200,4.2504,0.1271,-0.5
0.01101,0.035318317,-4.365,1300,4.2504,0.1295,-0.5
0.01139,0.031260794,-4.221,1400,4.2504,0.1317,-0.5
0.01179,0.029444216,-4.086,1500,4.2504,0.134,-0.5
0.01219,0.029991625,-3.96,1600,4.2504,0.1363,-0.5
0.01267,0.035809644,-3.838,1700,4.2504,0.1389,-0.5
0.0132,0.044565625,-3.72,1800,4.2504,0.1418,-0.5
0.0138,0.042559841,-3.607,1900,4.2504,0.1449,-0.5
0.01448,0.036982818,-3.497,2000,4.2504,0.1485,-0.5
0.01126,26.66858665,-7.856,200,4.4997,0.0983,-0.5
0.0114,19.40885878,-7.646,225,4.4997,0.0989,-0.5
0.01154,14.28893959,-7.458,250,4.4997,0.0995,-0.5
0.01168,10.64143018,-7.287,275,4.4997,0.1001,-0.5
0.01182,8.090958992,-7.13,300,4.4997,0.1007,-0.5
0.01197,6.266138647,-6.986,325,4.4997,0.1013,-0.5
0.01211,4.94310687,-6.852,350,4.4997,0.1019,-0.5
0.01226,3.926449354,-6.727,375,4.4997,0.1025,-0.5
0.0124,3.140508694,-6.61,400,4.4997,0.1031,-0.5
0.01254,2.564484037,-6.5,425,4.4997,0.1037,-0.5
0.01266,2.128139046,-6.396,450,4.4997,0.1042,-0.5
0.01278,1.794733627,-6.298,475,4.4997,0.1047,-0.5
0.01288,1.531087462,-6.206,500,4.4997,0.1051,-0.5
0.01299,1.321295634,-6.117,525,4.4997,0.1055,-0.5
0.01309,1.142878335,-6.033,550,4.4997,0.106,-0.5
0.01319,0.997700064,-5.953,575,4.4997,0.1064,-0.5
0.01329,0.877000821,-5.875,600,4.4997,0.1068,-0.5
0.01349,0.685488226,-5.73,650,4.4997,0.1076,-0.5
0.01369,0.545757861,-5.595,700,4.4997,0.1084,-0.5
0.01389,0.444631267,-5.469,750,4.4997,0.1091,-0.5
0.01409,0.365594792,-5.35,800,4.4997,0.1099,-0.5
0.01429,0.307609681,-5.239,850,4.4997,0.1107,-0.5
0.0145,0.263633139,-5.133,900,4.4997,0.1115,-0.5
0.01472,0.228034207,-5.033,950,4.4997,0.1123,-0.5
0.01493,0.198152703,-4.937,1000,4.4997,0.1132,-0.5
0.01541,0.152756606,-4.758,1100,4.4997,0.115,-0.5
0.01593,0.11994993,-4.593,1200,4.4997,0.1169,-0.5
0.01647,0.095940063,-4.439,1300,4.4997,0.1188,-0.5
0.01696,0.080352612,-4.297,1400,4.4997,0.1206,-0.5
0.01745,0.069662651,-4.165,1500,4.4997,0.1224,-0.5
0.01796,0.06095369,-4.041,1600,4.4997,0.1241,-0.5
0.01859,0.05370318,-3.92,1700,4.4997,0.1263,-0.5
0.0193,0.047752927,-3.805,1800,4.4997,0.1286,-0.5
0.02003,0.042461956,-3.695,1900,4.4997,0.1311,-0.5
0.02087,0.038282474,-3.588,2000,4.4997,0.1338,-0.5
0.01753,56.88529308,-7.914,200,4.7497,0.0919,-0.5
0.01771,43.75221052,-7.705,225,4.7497,0.0924,-0.5
0.01789,33.49654392,-7.517,250,4.7497,0.0929,-0.5
0.01807,25.70395783,-7.347,275,4.7497,0.0934,-0.5
0.01825,19.6788629,-7.192,300,4.7497,0.0938,-0.5
0.01843,15.13561248,-7.048,325,4.7497,0.0943,-0.5
0.01861,11.77605974,-6.915,350,4.7497,0.0947,-0.5
0.0188,9.225714272,-6.791,375,4.7497,0.0952,-0.5
0.01898,7.277798045,-6.675,400,4.7497,0.0957,-0.5
0.01916,5.807644175,-6.565,425,4.7497,0.0961,-0.5
0.01933,4.720630413,-6.462,450,4.7497,0.0966,-0.5
0.01949,3.872576449,-6.365,475,4.7497,0.097,-0.5
0.01965,3.228494122,-6.272,500,4.7497,0.0973,-0.5
0.01979,2.741574172,-6.184,525,4.7497,0.0977,-0.5
0.01993,2.360478233,-6.101,550,4.7497,0.098,-0.5
0.02006,2.055890596,-6.021,575,4.7497,0.0984,-0.5
0.02018,1.819700859,-5.944,600,4.7497,0.0987,-0.5
0.02043,1.438798578,-5.8,650,4.7497,0.0993,-0.5
0.02068,1.174897555,-5.666,700,4.7497,0.0999,-0.5
0.02093,0.970509967,-5.54,750,4.7497,0.1005,-0.5
0.02119,0.810961058,-5.423,800,4.7497,0.1011,-0.5
0.02145,0.68706844,-5.312,850,4.7497,0.1017,-0.5
0.02172,0.591561634,-5.208,900,4.7497,0.1024,-0.5
0.022,0.512861384,-5.108,950,4.7497,0.103,-0.5
0.02229,0.44874539,-5.013,1000,4.7497,0.1037,-0.5
0.0229,0.345143739,-4.836,1100,4.7497,0.1051,-0.5
0.02356,0.271643927,-4.673,1200,4.7497,0.1066,-0.5
0.02427,0.217270118,-4.521,1300,4.7497,0.1082,-0.5
0.02497,0.180301774,-4.38,1400,4.7497,0.1097,-0.5
0.02568,0.153108746,-4.248,1500,4.7497,0.1113,-0.5
0.02643,0.131825674,-4.123,1600,4.7497,0.1129,-0.5
0.02726,0.114551294,-4.004,1700,4.7497,0.1147,-0.5
0.02809,0.101391139,-3.892,1800,4.7497,0.1164,-0.5
0.02899,0.090991327,-3.784,1900,4.7497,0.1182,-0.5
0.02997,0.082413812,-3.681,2000,4.7497,0.1202,-0.5
0.02667,115.0800389,-7.982,200,5,0.085,-0.5
0.02689,91.20108394,-7.773,225,5,0.0854,-0.5
0.02712,72.44359601,-7.587,250,5,0.0857,-0.5
0.02735,57.67664634,-7.417,275,5,0.0861,-0.5
0.02758,46.02565736,-7.263,300,5,0.0865,-0.5
0.02781,36.72823005,-7.12,325,5,0.0868,-0.5
0.02804,29.37649652,-6.988,350,5,0.0872,-0.5
0.02827,23.55049284,-6.864,375,5,0.0875,-0.5
0.0285,18.87991349,-6.749,400,5,0.0879,-0.5
0.02873,15.13561248,-6.64,425,5,0.0882,-0.5
0.02896,12.24616199,-6.537,450,5,0.0886,-0.5
0.02919,9.931160484,-6.44,475,5,0.0889,-0.5
0.0294,8.165823714,-6.347,500,5,0.0893,-0.5
0.0296,6.839116473,-6.26,525,5,0.0896,-0.5
0.02978,5.847900841,-6.176,550,5,0.0898,-0.5
0.02994,5.12861384,-6.097,575,5,0.0901,-0.5
0.0301,4.549880602,-6.021,600,5,0.0903,-0.5
0.03039,3.647539469,-5.877,650,5,0.0908,-0.5
0.03069,2.999162519,-5.744,700,5,0.0912,-0.5
0.03101,2.494594727,-5.62,750,5,0.0917,-0.5
0.03134,2.089296131,-5.503,800,5,0.0922,-0.5
0.03169,1.77827941,-5.393,850,5,0.0927,-0.5
0.03204,1.527566058,-5.289,900,5,0.0932,-0.5
0.0324,1.321295634,-5.19,950,5,0.0937,-0.5
0.03278,1.156112242,-5.096,1000,5,0.0943,-0.5
0.03356,0.897428795,-4.92,1100,5,0.0954,-0.5
0.03439,0.711213514,-4.759,1200,5,0.0965,-0.5
0.0353,0.575439937,-4.608,1300,5,0.0978,-0.5
0.03627,0.473151259,-4.468,1400,5,0.0991,-0.5
0.03728,0.394457302,-4.336,1500,5,0.1005,-0.5
0.03836,0.33419504,-4.211,1600,5,0.102,-0.5
0.03948,0.287739841,-4.094,1700,5,0.1034,-0.5
0.04056,0.254097271,-3.983,1800,5,0.1048,-0.5
0.04168,0.227509743,-3.877,1900,5,0.1063,-0.5
0.04292,0.207014135,-3.775,2000,5,0.1079,-0.5
0.04005,204.6444637,-8.055,200,5.2504,0.0781,-0.5
0.04031,168.2674061,-7.848,225,5.2504,0.0783,-0.5
0.04058,136.4583137,-7.662,250,5.2504,0.0786,-0.5
0.04087,110.153931,-7.493,275,5.2504,0.0789,-0.5
0.04115,89.33054837,-7.339,300,5.2504,0.0792,-0.5
0.04143,72.77798045,-7.197,325,5.2504,0.0794,-0.5
0.04171,59.70352866,-7.066,350,5.2504,0.0797,-0.5
0.04199,49.20395357,-6.943,375,5.2504,0.08,-0.5
0.04226,40.83193863,-6.828,400,5.2504,0.0802,-0.5
0.04253,34.04081897,-6.72,425,5.2504,0.0805,-0.5
0.04279,28.57590543,-6.618,450,5.2504,0.0807,-0.5
0.04304,24.043628,-6.522,475,5.2504,0.081,-0.5
0.04328,20.37042078,-6.43,500,5.2504,0.0812,-0.5
0.04352,17.29816359,-6.343,525,5.2504,0.0814,-0.5
0.04376,14.72312502,-6.26,550,5.2504,0.0816,-0.5
0.04394,13.06170888,-6.181,575,5.2504,0.0818,-0.5
0.04412,11.74897555,-6.105,600,5.2504,0.082,-0.5
0.04449,9.506047937,-5.962,650,5.2504,0.0823,-0.5
0.0449,7.726805851,-5.829,700,5.2504,0.0827,-0.5
0.04532,6.397348355,-5.706,750,5.2504,0.0831,-0.5
0.04574,5.395106225,-5.589,800,5.2504,0.0835,-0.5
0.04617,4.602565736,-5.48,850,5.2504,0.0839,-0.5
0.04661,3.962780343,-5.377,900,5.2504,0.0842,-0.5
0.04706,3.435579479,-5.279,950,5.2504,0.0847,-0.5
0.04753,3.006076303,-5.185,1000,5.2504,0.0851,-0.5
0.04853,2.349632821,-5.011,1100,5.2504,0.086,-0.5
0.0496,1.879316817,-4.85,1200,5.2504,0.0869,-0.5
0.05074,1.531087462,-4.701,1300,5.2504,0.0879,-0.5
0.05196,1.267651866,-4.562,1400,5.2504,0.089,-0.5
0.05326,1.066596121,-4.431,1500,5.2504,0.0901,-0.5
0.05462,0.912010839,-4.308,1600,5.2504,0.0912,-0.5
0.05607,0.790678628,-4.192,1700,5.2504,0.0924,-0.5
0.05761,0.695024318,-4.081,1800,5.2504,0.0937,-0.5
0.05923,0.619441075,-3.975,1900,5.2504,0.095,-0.5
0.06099,0.559757601,-3.873,2000,5.2504,0.0964,-0.5